{
  "content":[
    {"pic":"../1img/1.png","name":"手机电脑"},
    {"pic":"../1img/2.png","name":"国美电器"},
    {"pic":"../1img/3.png","name":"国美超市"},
    {"pic":"../1img/4.png","name":"美店组团"},
    {"pic":"../1img/5.png","name":"分期购"},
    {"pic":"../1img/6.png","name":"充值服务"},
    {"pic":"../1img/7.png","name":"国美家装"},
    {"pic":"../1img/8.png","name":"领美豆"},
    {"pic":"../1img/9.png","name":"国美管家"},
    {"pic":"../1img/10.png","name":"我的"}
  ]
}